player_ESPN,bet_type,odds,line,over_under,home,away,bet_id,closed_date
MasonPlumlee,AST,1.96,3.5,Over,cha,por,3186671153,2022-11-10T00:41:10Z
MasonPlumlee,AST,1.83,3.5,Under,cha,por,3186671155,2022-11-10T00:41:10Z
P.J.Washington,AST,2.43,2.5,Over,cha,por,3186671158,2022-11-10T00:41:10Z
P.J.Washington,AST,1.55,2.5,Under,cha,por,3186671163,2022-11-10T00:41:10Z
MasonPlumlee,REB,1.77,7.5,Over,cha,por,3186671164,2022-11-10T00:41:10Z
MasonPlumlee,REB,2.04,7.5,Under,cha,por,3186671173,2022-11-10T00:41:10Z
KellyOubre Jr.,REB,2.23,4.5,Over,cha,por,3186671167,2022-11-10T00:41:10Z
KellyOubre Jr.,REB,1.65,4.5,Under,cha,por,3186671177,2022-11-10T00:41:10Z
KellyOubre Jr.,3PM,1.7,2.5,Over,cha,por,3186671172,2022-11-10T00:41:10Z
KellyOubre Jr.,3PM,2.12,2.5,Under,cha,por,3186671183,2022-11-10T00:41:10Z
P.J.Washington,REB,2.18,5.5,Over,cha,por,3186671176,2022-11-10T00:41:10Z
P.J.Washington,REB,1.67,5.5,Under,cha,por,3186671185,2022-11-10T00:41:10Z
KellyOubre Jr.,ARP,1.79,22.5,Over,cha,por,3186671190,2022-11-10T00:41:10Z
KellyOubre Jr.,ARP,2.0,22.5,Under,cha,por,3186671192,2022-11-10T00:41:10Z
MasonPlumlee,PTS,1.77,7.5,Over,cha,por,3186671308,2022-11-10T00:41:10Z
MasonPlumlee,PTS,2.02,7.5,Under,cha,por,3186671311,2022-11-10T00:41:10Z
P.J.Washington,PTS,1.9,15.5,Over,cha,por,3186671310,2022-11-10T00:41:10Z
P.J.Washington,PTS,1.88,15.5,Under,cha,por,3186671313,2022-11-10T00:41:10Z
P.J.Washington,3PM,2.48,2.5,Over,cha,por,3186671316,2022-11-10T00:41:10Z
P.J.Washington,3PM,1.53,2.5,Under,cha,por,3186671319,2022-11-10T00:41:10Z
TerryRozier,REB,1.86,4.5,Over,cha,por,3186671318,2022-11-10T00:41:10Z
TerryRozier,REB,1.93,4.5,Under,cha,por,3186671320,2022-11-10T00:41:10Z
TerryRozier,3PM,2.05,3.5,Over,cha,por,3186671321,2022-11-10T00:41:10Z
TerryRozier,3PM,1.75,3.5,Under,cha,por,3186671322,2022-11-10T00:41:10Z
TerryRozier,AST,1.94,5.5,Over,cha,por,3186671337,2022-11-10T00:41:10Z
TerryRozier,AST,1.85,5.5,Under,cha,por,3186671338,2022-11-10T00:41:10Z
TerryRozier,ARP,1.97,33.5,Over,cha,por,3186671339,2022-11-10T00:41:10Z
TerryRozier,ARP,1.82,33.5,Under,cha,por,3186671341,2022-11-10T00:41:10Z
MasonPlumlee,ARP,1.97,19.5,Over,cha,por,3186671342,2022-11-10T00:41:10Z
MasonPlumlee,ARP,1.82,19.5,Under,cha,por,3186671344,2022-11-10T00:41:10Z
P.J.Washington,ARP,2.0,23.5,Over,cha,por,3186673011,2022-11-10T00:41:10Z
P.J.Washington,ARP,1.79,23.5,Under,cha,por,3186673012,2022-11-10T00:41:10Z
TerryRozier,PTS,1.84,22.5,Over,cha,por,3186867502,2022-11-10T00:41:10Z
TerryRozier,PTS,1.94,22.5,Under,cha,por,3186867503,2022-11-10T00:41:10Z
KellyOubre Jr.,PTS,1.88,17.5,Over,cha,por,3186934237,2022-11-10T00:41:10Z
KellyOubre Jr.,PTS,1.9,17.5,Under,cha,por,3186934238,2022-11-10T00:41:10Z
JamalMurray,REB,1.96,3.5,Over,ind,den,3186534292,2022-11-10T00:40:00Z
JamalMurray,REB,1.82,3.5,Under,ind,den,3186534323,2022-11-10T00:40:00Z
AaronGordon,ARP,2.0,22.5,Over,ind,den,3186534296,2022-11-10T00:40:00Z
AaronGordon,ARP,1.79,22.5,Under,ind,den,3186534327,2022-11-10T00:40:00Z
AaronGordon,AST,2.4,2.5,Over,ind,den,3186534298,2022-11-10T00:40:00Z
AaronGordon,AST,1.56,2.5,Under,ind,den,3186534331,2022-11-10T00:40:00Z
JamalMurray,AST,1.8,4.5,Over,ind,den,3186534300,2022-11-10T00:40:00Z
JamalMurray,AST,1.98,4.5,Under,ind,den,3186534332,2022-11-10T00:40:00Z
AaronGordon,REB,1.7,5.5,Over,ind,den,3186534302,2022-11-10T00:40:00Z
AaronGordon,REB,2.14,5.5,Under,ind,den,3186534333,2022-11-10T00:40:00Z
JamalMurray,ARP,1.8,27.5,Over,ind,den,3186534306,2022-11-10T00:40:00Z
JamalMurray,ARP,2.0,27.5,Under,ind,den,3186534337,2022-11-10T00:40:00Z
MichaelPorter Jr.,REB,2.16,7.5,Over,ind,den,3186534310,2022-11-10T00:40:00Z
MichaelPorter Jr.,REB,1.68,7.5,Under,ind,den,3186534342,2022-11-10T00:40:00Z
KentaviousCaldwell-Pope,AST,2.08,2.5,Over,ind,den,3186534312,2022-11-10T00:40:00Z
KentaviousCaldwell-Pope,AST,1.73,2.5,Under,ind,den,3186534345,2022-11-10T00:40:00Z
KentaviousCaldwell-Pope,PTS,1.9,11.5,Over,ind,den,3186534362,2022-11-10T00:40:00Z
KentaviousCaldwell-Pope,PTS,1.88,11.5,Under,ind,den,3186534389,2022-11-10T00:40:00Z
AaronGordon,PTS,1.82,13.5,Over,ind,den,3186534365,2022-11-10T00:40:00Z
AaronGordon,PTS,1.97,13.5,Under,ind,den,3186534393,2022-11-10T00:40:00Z
KentaviousCaldwell-Pope,3PM,2.4,2.5,Over,ind,den,3186534371,2022-11-10T00:40:00Z
KentaviousCaldwell-Pope,3PM,1.56,2.5,Under,ind,den,3186534399,2022-11-10T00:40:00Z
JamalMurray,3PM,2.32,2.5,Over,ind,den,3186534373,2022-11-10T00:40:00Z
JamalMurray,3PM,1.6,2.5,Under,ind,den,3186534402,2022-11-10T00:40:00Z
MichaelPorter Jr.,3PM,1.61,2.5,Over,ind,den,3186534383,2022-11-10T00:40:00Z
MichaelPorter Jr.,3PM,2.28,2.5,Under,ind,den,3186534411,2022-11-10T00:40:00Z
KentaviousCaldwell-Pope,ARP,1.92,17.5,Over,ind,den,3186534551,2022-11-10T00:40:00Z
KentaviousCaldwell-Pope,ARP,1.86,17.5,Under,ind,den,3186534553,2022-11-10T00:40:00Z
NikolaJokic,ARP,1.86,44.5,Over,ind,den,3186534552,2022-11-10T00:40:00Z
NikolaJokic,ARP,1.93,44.5,Under,ind,den,3186534555,2022-11-10T00:40:00Z
NikolaJokic,REB,1.85,11.5,Over,ind,den,3186534557,2022-11-10T00:40:00Z
NikolaJokic,REB,1.93,11.5,Under,ind,den,3186534561,2022-11-10T00:40:00Z
NikolaJokic,AST,1.74,8.5,Over,ind,den,3186534559,2022-11-10T00:40:00Z
NikolaJokic,AST,2.07,8.5,Under,ind,den,3186534564,2022-11-10T00:40:00Z
NikolaJokic,PTS,1.81,23.5,Over,ind,den,3186534563,2022-11-10T00:40:00Z
NikolaJokic,PTS,1.98,23.5,Under,ind,den,3186534566,2022-11-10T00:40:00Z
JamalMurray,PTS,1.88,19.5,Over,ind,den,3186534567,2022-11-10T00:40:00Z
JamalMurray,PTS,1.9,19.5,Under,ind,den,3186534568,2022-11-10T00:40:00Z
AaronGordon,3PM,1.55,0.5,Over,ind,den,3186534582,2022-11-10T00:40:00Z
AaronGordon,3PM,2.43,0.5,Under,ind,den,3186534583,2022-11-10T00:40:00Z
MichaelPorter Jr.,ARP,1.96,25.5,Over,ind,den,3186534592,2022-11-10T00:40:00Z
MichaelPorter Jr.,ARP,1.82,25.5,Under,ind,den,3186534594,2022-11-10T00:40:00Z
KentaviousCaldwell-Pope,REB,2.12,3.5,Over,ind,den,3186534598,2022-11-10T00:40:00Z
KentaviousCaldwell-Pope,REB,1.71,3.5,Under,ind,den,3186534602,2022-11-10T00:40:00Z
MichaelPorter Jr.,PTS,1.86,16.5,Over,ind,den,3186534599,2022-11-10T00:40:00Z
MichaelPorter Jr.,PTS,1.93,16.5,Under,ind,den,3186534603,2022-11-10T00:40:00Z
BuddyHield,3PM,1.85,3.5,Over,ind,den,3186534653,2022-11-10T00:40:00Z
BuddyHield,3PM,1.94,3.5,Under,ind,den,3186534658,2022-11-10T00:40:00Z
TyreseHaliburton,REB,1.87,4.5,Over,ind,den,3186534657,2022-11-10T00:40:00Z
TyreseHaliburton,REB,1.91,4.5,Under,ind,den,3186534665,2022-11-10T00:40:00Z
TyreseHaliburton,3PM,2.02,2.5,Over,ind,den,3186534664,2022-11-10T00:40:00Z
TyreseHaliburton,3PM,1.78,2.5,Under,ind,den,3186534674,2022-11-10T00:40:00Z
TyreseHaliburton,PTS,1.96,20.5,Over,ind,den,3186534666,2022-11-10T00:40:00Z
TyreseHaliburton,PTS,1.82,20.5,Under,ind,den,3186534675,2022-11-10T00:40:00Z
BuddyHield,AST,1.71,3.5,Over,ind,den,3186534670,2022-11-10T00:40:00Z
BuddyHield,AST,2.1,3.5,Under,ind,den,3186534678,2022-11-10T00:40:00Z
TyreseHaliburton,AST,1.86,9.5,Over,ind,den,3186534671,2022-11-10T00:40:00Z
TyreseHaliburton,AST,1.92,9.5,Under,ind,den,3186534679,2022-11-10T00:40:00Z
TyreseHaliburton,ARP,1.86,34.5,Over,ind,den,3186534766,2022-11-10T00:40:00Z
TyreseHaliburton,ARP,1.93,34.5,Under,ind,den,3186534768,2022-11-10T00:40:00Z
MylesTurner,REB,2.04,7.5,Over,ind,den,3186534777,2022-11-10T00:40:00Z
MylesTurner,REB,1.76,7.5,Under,ind,den,3186534778,2022-11-10T00:40:00Z
MylesTurner,3PM,1.95,1.5,Over,ind,den,3186534781,2022-11-10T00:40:00Z
MylesTurner,3PM,1.83,1.5,Under,ind,den,3186534782,2022-11-10T00:40:00Z
MylesTurner,ARP,1.8,24.5,Over,ind,den,3186535006,2022-11-10T00:40:00Z
MylesTurner,ARP,1.98,24.5,Under,ind,den,3186535008,2022-11-10T00:40:00Z
MylesTurner,PTS,1.94,16.5,Over,ind,den,3186535011,2022-11-10T00:40:00Z
MylesTurner,PTS,1.85,16.5,Under,ind,den,3186535014,2022-11-10T00:40:00Z
BuddyHield,REB,1.7,4.5,Over,ind,den,3186535215,2022-11-10T00:40:00Z
BuddyHield,REB,2.12,4.5,Under,ind,den,3186535216,2022-11-10T00:40:00Z
JalenSmith,ARP,1.87,21.5,Over,ind,den,3186535221,2022-11-10T00:40:00Z
JalenSmith,ARP,1.91,21.5,Under,ind,den,3186535223,2022-11-10T00:40:00Z
JalenSmith,REB,2.0,7.5,Over,ind,den,3186535222,2022-11-10T00:40:00Z
JalenSmith,REB,1.8,7.5,Under,ind,den,3186535224,2022-11-10T00:40:00Z
JalenSmith,PTS,1.87,12.5,Over,ind,den,3186535225,2022-11-10T00:40:00Z
JalenSmith,PTS,1.91,12.5,Under,ind,den,3186535226,2022-11-10T00:40:00Z
BuddyHield,PTS,1.81,18.5,Over,ind,den,3186867067,2022-11-10T00:40:00Z
BuddyHield,PTS,1.98,18.5,Under,ind,den,3186867068,2022-11-10T00:40:00Z
BuddyHield,ARP,1.82,27.5,Over,ind,den,3186867069,2022-11-10T00:40:00Z
BuddyHield,ARP,1.96,27.5,Under,ind,den,3186867070,2022-11-10T00:40:00Z
AlHorford,REB,1.85,7.5,Over,bos,det,3186679847,2022-11-10T00:17:35Z
AlHorford,REB,1.93,7.5,Under,bos,det,3186679849,2022-11-10T00:17:35Z
SaddiqBey,REB,2.0,4.5,Over,bos,det,3186679852,2022-11-10T00:17:35Z
SaddiqBey,REB,1.79,4.5,Under,bos,det,3186679856,2022-11-10T00:17:35Z
BojanBogdanovic,REB,2.2,3.5,Over,bos,det,3186679857,2022-11-10T00:17:35Z
BojanBogdanovic,REB,1.66,3.5,Under,bos,det,3186679864,2022-11-10T00:17:35Z
AlHorford,ARP,1.82,19.5,Over,bos,det,3186679860,2022-11-10T00:17:35Z
AlHorford,ARP,1.96,19.5,Under,bos,det,3186679867,2022-11-10T00:17:35Z
MarcusSmart,ARP,1.9,22.5,Over,bos,det,3186679861,2022-11-10T00:17:35Z
MarcusSmart,ARP,1.88,22.5,Under,bos,det,3186679869,2022-11-10T00:17:35Z
CadeCunningham,REB,1.84,5.5,Over,bos,det,3186679863,2022-11-10T00:17:35Z
CadeCunningham,REB,1.94,5.5,Under,bos,det,3186679872,2022-11-10T00:17:35Z
J.Brown,AST,2.2,3.5,Over,bos,det,3186679868,2022-11-10T00:17:35Z
J.Brown,AST,1.66,3.5,Under,bos,det,3186679874,2022-11-10T00:17:35Z
JaysonTatum,AST,1.87,4.5,Over,bos,det,3186679876,2022-11-10T00:17:35Z
JaysonTatum,AST,1.91,4.5,Under,bos,det,3186679882,2022-11-10T00:17:35Z
AlHorford,AST,2.16,2.5,Over,bos,det,3186679879,2022-11-10T00:17:35Z
AlHorford,AST,1.68,2.5,Under,bos,det,3186679884,2022-11-10T00:17:35Z
JaysonTatum,REB,1.96,7.5,Over,bos,det,3186679887,2022-11-10T00:17:35Z
JaysonTatum,REB,1.83,7.5,Under,bos,det,3186679889,2022-11-10T00:17:35Z
AlHorford,PTS,1.87,9.5,Over,bos,det,3186679894,2022-11-10T00:17:35Z
AlHorford,PTS,1.91,9.5,Under,bos,det,3186679897,2022-11-10T00:17:35Z
CadeCunningham,3PM,1.9,1.5,Over,bos,det,3186679896,2022-11-10T00:17:35Z
CadeCunningham,3PM,1.88,1.5,Under,bos,det,3186679899,2022-11-10T00:17:35Z
JadenIvey,AST,2.15,3.5,Over,bos,det,3186679898,2022-11-10T00:17:35Z
JadenIvey,AST,1.68,3.5,Under,bos,det,3186679903,2022-11-10T00:17:35Z
AlHorford,3PM,1.88,1.5,Over,bos,det,3186679900,2022-11-10T00:17:35Z
AlHorford,3PM,1.9,1.5,Under,bos,det,3186679904,2022-11-10T00:17:35Z
SaddiqBey,AST,2.35,2.5,Over,bos,det,3186679901,2022-11-10T00:17:35Z
SaddiqBey,AST,1.58,2.5,Under,bos,det,3186679906,2022-11-10T00:17:35Z
BojanBogdanovic,3PM,1.98,2.5,Over,bos,det,3186679905,2022-11-10T00:17:35Z
BojanBogdanovic,3PM,1.8,2.5,Under,bos,det,3186679911,2022-11-10T00:17:35Z
J.Brown,3PM,1.98,2.5,Over,bos,det,3186679907,2022-11-10T00:17:35Z
J.Brown,3PM,1.81,2.5,Under,bos,det,3186679914,2022-11-10T00:17:35Z
J.Brown,PTS,1.87,24.5,Over,bos,det,3186679913,2022-11-10T00:17:35Z
J.Brown,PTS,1.91,24.5,Under,bos,det,3186679920,2022-11-10T00:17:35Z
MarcusSmart,3PM,1.77,1.5,Over,bos,det,3186679924,2022-11-10T00:17:35Z
MarcusSmart,3PM,2.02,1.5,Under,bos,det,3186679927,2022-11-10T00:17:35Z
JaysonTatum,3PM,1.6,2.5,Over,bos,det,3186679925,2022-11-10T00:17:35Z
JaysonTatum,3PM,2.32,2.5,Under,bos,det,3186679928,2022-11-10T00:17:35Z
JaysonTatum,ARP,1.91,39.5,Over,bos,det,3186679939,2022-11-10T00:17:35Z
JaysonTatum,ARP,1.87,39.5,Under,bos,det,3186679940,2022-11-10T00:17:35Z
JaysonTatum,PTS,1.95,27.5,Over,bos,det,3186679943,2022-11-10T00:17:35Z
JaysonTatum,PTS,1.83,27.5,Under,bos,det,3186679944,2022-11-10T00:17:35Z
MarcusSmart,PTS,2.0,12.5,Over,bos,det,3186679973,2022-11-10T00:17:35Z
MarcusSmart,PTS,1.79,12.5,Under,bos,det,3186679974,2022-11-10T00:17:35Z
J.Brown,ARP,1.81,34.5,Over,bos,det,3186680054,2022-11-10T00:17:35Z
J.Brown,ARP,1.97,34.5,Under,bos,det,3186680055,2022-11-10T00:17:35Z
MarcusSmart,REB,1.82,3.5,Over,bos,det,3186680057,2022-11-10T00:17:35Z
MarcusSmart,REB,1.97,3.5,Under,bos,det,3186680059,2022-11-10T00:17:35Z
J.Brown,REB,1.75,6.5,Over,bos,det,3186680060,2022-11-10T00:17:35Z
J.Brown,REB,2.06,6.5,Under,bos,det,3186680061,2022-11-10T00:17:35Z
MarcusSmart,AST,1.96,6.5,Over,bos,det,3186680081,2022-11-10T00:17:35Z
MarcusSmart,AST,1.82,6.5,Under,bos,det,3186680082,2022-11-10T00:17:35Z
SaddiqBey,ARP,1.83,21.5,Over,bos,det,3186680156,2022-11-10T00:17:35Z
SaddiqBey,ARP,1.95,21.5,Under,bos,det,3186680158,2022-11-10T00:17:35Z
SaddiqBey,PTS,1.78,14.5,Over,bos,det,3186680160,2022-11-10T00:17:35Z
SaddiqBey,PTS,2.02,14.5,Under,bos,det,3186680161,2022-11-10T00:17:35Z
JadenIvey,3PM,2.6,1.5,Over,bos,det,3186680162,2022-11-10T00:17:35Z
JadenIvey,3PM,1.49,1.5,Under,bos,det,3186680164,2022-11-10T00:17:35Z
SaddiqBey,3PM,2.55,2.5,Over,bos,det,3186680163,2022-11-10T00:17:35Z
SaddiqBey,3PM,1.5,2.5,Under,bos,det,3186680165,2022-11-10T00:17:35Z
IsaiahStewart,3PM,1.7,0.5,Over,bos,det,3186680166,2022-11-10T00:17:35Z
IsaiahStewart,3PM,2.12,0.5,Under,bos,det,3186680167,2022-11-10T00:17:35Z
IsaiahStewart,PTS,1.97,10.5,Over,bos,det,3186680170,2022-11-10T00:17:35Z
IsaiahStewart,PTS,1.82,10.5,Under,bos,det,3186680171,2022-11-10T00:17:35Z
JadenIvey,ARP,1.88,22.5,Over,bos,det,3186694114,2022-11-10T00:17:35Z
JadenIvey,ARP,1.9,22.5,Under,bos,det,3186694116,2022-11-10T00:17:35Z
CadeCunningham,PTS,1.89,21.5,Over,bos,det,3186694124,2022-11-10T00:17:35Z
CadeCunningham,PTS,1.89,21.5,Under,bos,det,3186694126,2022-11-10T00:17:35Z
BojanBogdanovic,PTS,2.0,16.5,Over,bos,det,3186694129,2022-11-10T00:17:35Z
BojanBogdanovic,PTS,1.8,16.5,Under,bos,det,3186694130,2022-11-10T00:17:35Z
BojanBogdanovic,ARP,1.84,21.5,Over,bos,det,3186694147,2022-11-10T00:17:35Z
BojanBogdanovic,ARP,1.95,21.5,Under,bos,det,3186694150,2022-11-10T00:17:35Z
CadeCunningham,ARP,1.98,33.5,Over,bos,det,3186694148,2022-11-10T00:17:35Z
CadeCunningham,ARP,1.81,33.5,Under,bos,det,3186694152,2022-11-10T00:17:35Z
IsaiahStewart,REB,1.98,9.5,Over,bos,det,3186694149,2022-11-10T00:17:35Z
IsaiahStewart,REB,1.81,9.5,Under,bos,det,3186694153,2022-11-10T00:17:35Z
JadenIvey,REB,2.02,4.5,Over,bos,det,3186694151,2022-11-10T00:17:35Z
JadenIvey,REB,1.78,4.5,Under,bos,det,3186694154,2022-11-10T00:17:35Z
CadeCunningham,AST,1.8,5.5,Over,bos,det,3186694156,2022-11-10T00:17:35Z
CadeCunningham,AST,2.0,5.5,Under,bos,det,3186694158,2022-11-10T00:17:35Z
IsaiahStewart,ARP,1.79,20.5,Over,bos,det,3186801346,2022-11-10T00:17:35Z
IsaiahStewart,ARP,2.0,20.5,Under,bos,det,3186801347,2022-11-10T00:17:35Z
JadenIvey,PTS,1.86,14.5,Over,bos,det,3186827647,2022-11-10T00:17:35Z
JadenIvey,PTS,1.92,14.5,Under,bos,det,3186827648,2022-11-10T00:17:35Z
LauriMarkkanen,REB,2.0,8.5,Over,atl,utah,3186613644,2022-11-10T00:13:27Z
LauriMarkkanen,REB,1.79,8.5,Under,atl,utah,3186613646,2022-11-10T00:13:27Z
JordanClarkson,3PM,1.89,2.5,Over,atl,utah,3186613651,2022-11-10T00:13:27Z
JordanClarkson,3PM,1.89,2.5,Under,atl,utah,3186613654,2022-11-10T00:13:27Z
LauriMarkkanen,3PM,2.32,2.5,Over,atl,utah,3186613661,2022-11-10T00:13:27Z
LauriMarkkanen,3PM,1.6,2.5,Under,atl,utah,3186613669,2022-11-10T00:13:27Z
MikeConley,REB,1.89,2.5,Over,atl,utah,3186613664,2022-11-10T00:13:27Z
MikeConley,REB,1.89,2.5,Under,atl,utah,3186613671,2022-11-10T00:13:27Z
JordanClarkson,AST,1.79,4.5,Over,atl,utah,3186613665,2022-11-10T00:13:27Z
JordanClarkson,AST,2.0,4.5,Under,atl,utah,3186613672,2022-11-10T00:13:27Z
MikeConley,3PM,2.55,2.5,Over,atl,utah,3186613702,2022-11-10T00:13:27Z
MikeConley,3PM,1.5,2.5,Under,atl,utah,3186613703,2022-11-10T00:13:27Z
LauriMarkkanen,PTS,1.93,20.5,Over,atl,utah,3186613704,2022-11-10T00:13:27Z
LauriMarkkanen,PTS,1.86,20.5,Under,atl,utah,3186613705,2022-11-10T00:13:27Z
JordanClarkson,PTS,1.85,18.5,Over,atl,utah,3186613707,2022-11-10T00:13:27Z
JordanClarkson,PTS,1.94,18.5,Under,atl,utah,3186613709,2022-11-10T00:13:27Z
MikeConley,PTS,1.97,13.5,Over,atl,utah,3186613712,2022-11-10T00:13:27Z
MikeConley,PTS,1.82,13.5,Under,atl,utah,3186613713,2022-11-10T00:13:27Z
JordanClarkson,REB,1.97,4.5,Over,atl,utah,3186613716,2022-11-10T00:13:27Z
JordanClarkson,REB,1.82,4.5,Under,atl,utah,3186613717,2022-11-10T00:13:27Z
LauriMarkkanen,ARP,1.96,31.5,Over,atl,utah,3186613727,2022-11-10T00:13:27Z
LauriMarkkanen,ARP,1.83,31.5,Under,atl,utah,3186613729,2022-11-10T00:13:27Z
LauriMarkkanen,AST,2.32,2.5,Over,atl,utah,3186613728,2022-11-10T00:13:27Z
LauriMarkkanen,AST,1.6,2.5,Under,atl,utah,3186613730,2022-11-10T00:13:27Z
JordanClarkson,ARP,1.95,28.5,Over,atl,utah,3186613733,2022-11-10T00:13:27Z
JordanClarkson,ARP,1.83,28.5,Under,atl,utah,3186613734,2022-11-10T00:13:27Z
MikeConley,ARP,1.83,22.5,Over,atl,utah,3186613739,2022-11-10T00:13:27Z
MikeConley,ARP,1.95,22.5,Under,atl,utah,3186613740,2022-11-10T00:13:27Z
MikeConley,AST,1.82,6.5,Over,atl,utah,3186613741,2022-11-10T00:13:27Z
MikeConley,AST,1.96,6.5,Under,atl,utah,3186613742,2022-11-10T00:13:27Z
AlperenSengun,REB,1.83,9.5,Over,tor,hou,3186608640,2022-11-10T00:10:08Z
AlperenSengun,REB,1.96,9.5,Under,tor,hou,3186608666,2022-11-10T00:10:08Z
KevinPorter Jr.,REB,1.85,5.5,Over,tor,hou,3186608648,2022-11-10T00:10:08Z
KevinPorter Jr.,REB,1.93,5.5,Under,tor,hou,3186608680,2022-11-10T00:10:08Z
JalenGreen,AST,1.78,2.5,Over,tor,hou,3186608650,2022-11-10T00:10:08Z
JalenGreen,AST,2.02,2.5,Under,tor,hou,3186608684,2022-11-10T00:10:08Z
KevinPorter Jr.,AST,2.12,6.5,Over,tor,hou,3186608653,2022-11-10T00:10:08Z
KevinPorter Jr.,AST,1.71,6.5,Under,tor,hou,3186608686,2022-11-10T00:10:08Z
AlperenSengun,AST,1.74,2.5,Over,tor,hou,3186608656,2022-11-10T00:10:08Z
AlperenSengun,AST,2.07,2.5,Under,tor,hou,3186608688,2022-11-10T00:10:08Z
JalenGreen,3PM,1.62,2.5,Over,tor,hou,3186608700,2022-11-10T00:10:08Z
JalenGreen,3PM,2.28,2.5,Under,tor,hou,3186608724,2022-11-10T00:10:08Z
EricGordon,3PM,1.62,1.5,Over,tor,hou,3186608708,2022-11-10T00:10:08Z
EricGordon,3PM,2.25,1.5,Under,tor,hou,3186608728,2022-11-10T00:10:08Z
JalenGreen,ARP,1.93,28.5,Over,tor,hou,3186670543,2022-11-10T00:10:08Z
JalenGreen,ARP,1.86,28.5,Under,tor,hou,3186670545,2022-11-10T00:10:08Z
EricGordon,ARP,1.94,17.5,Over,tor,hou,3186670544,2022-11-10T00:10:08Z
EricGordon,ARP,1.84,17.5,Under,tor,hou,3186670547,2022-11-10T00:10:08Z
EricGordon,AST,2.32,3.5,Over,tor,hou,3186670548,2022-11-10T00:10:08Z
EricGordon,AST,1.6,3.5,Under,tor,hou,3186670554,2022-11-10T00:10:08Z
JalenGreen,REB,1.7,3.5,Over,tor,hou,3186670549,2022-11-10T00:10:08Z
JalenGreen,REB,2.14,3.5,Under,tor,hou,3186670556,2022-11-10T00:10:08Z
EricGordon,PTS,1.88,11.5,Over,tor,hou,3186670550,2022-11-10T00:10:08Z
EricGordon,PTS,1.9,11.5,Under,tor,hou,3186670558,2022-11-10T00:10:08Z
JalenGreen,PTS,1.88,21.5,Over,tor,hou,3186670553,2022-11-10T00:10:08Z
JalenGreen,PTS,1.9,21.5,Under,tor,hou,3186670560,2022-11-10T00:10:08Z
KevinPorter Jr.,3PM,2.35,2.5,Over,tor,hou,3186670555,2022-11-10T00:10:08Z
KevinPorter Jr.,3PM,1.58,2.5,Under,tor,hou,3186670561,2022-11-10T00:10:08Z
O.G.Anunoby,AST,1.73,2.5,Over,tor,hou,3186670582,2022-11-10T00:10:08Z
O.G.Anunoby,AST,2.08,2.5,Under,tor,hou,3186670592,2022-11-10T00:10:08Z
O.G.Anunoby,3PM,1.57,1.5,Over,tor,hou,3186670588,2022-11-10T00:10:08Z
O.G.Anunoby,3PM,2.38,1.5,Under,tor,hou,3186670598,2022-11-10T00:10:08Z
GaryTrent Jr.,3PM,1.88,2.5,Over,tor,hou,3186670590,2022-11-10T00:10:08Z
GaryTrent Jr.,3PM,1.9,2.5,Under,tor,hou,3186670599,2022-11-10T00:10:08Z
ScottieBarnes,ARP,1.83,30.5,Over,tor,hou,3186670771,2022-11-10T00:10:08Z
ScottieBarnes,ARP,1.96,30.5,Under,tor,hou,3186670774,2022-11-10T00:10:08Z
O.G.Anunoby,ARP,1.85,27.5,Over,tor,hou,3186670775,2022-11-10T00:10:08Z
O.G.Anunoby,ARP,1.93,27.5,Under,tor,hou,3186670780,2022-11-10T00:10:08Z
GaryTrent Jr.,ARP,1.87,24.5,Over,tor,hou,3186670776,2022-11-10T00:10:08Z
GaryTrent Jr.,ARP,1.92,24.5,Under,tor,hou,3186670783,2022-11-10T00:10:08Z
ScottieBarnes,REB,1.75,7.5,Over,tor,hou,3186670777,2022-11-10T00:10:08Z
ScottieBarnes,REB,2.05,7.5,Under,tor,hou,3186670785,2022-11-10T00:10:08Z
FredVanVleet,REB,1.67,3.5,Over,tor,hou,3186670779,2022-11-10T00:10:08Z
FredVanVleet,REB,2.18,3.5,Under,tor,hou,3186670786,2022-11-10T00:10:08Z
O.G.Anunoby,REB,1.7,5.5,Over,tor,hou,3186670781,2022-11-10T00:10:08Z
O.G.Anunoby,REB,2.14,5.5,Under,tor,hou,3186670788,2022-11-10T00:10:08Z
ScottieBarnes,AST,2.14,5.5,Over,tor,hou,3186670784,2022-11-10T00:10:08Z
ScottieBarnes,AST,1.7,5.5,Under,tor,hou,3186670792,2022-11-10T00:10:08Z
GaryTrent Jr.,PTS,1.82,19.5,Over,tor,hou,3186670787,2022-11-10T00:10:08Z
GaryTrent Jr.,PTS,1.97,19.5,Under,tor,hou,3186670793,2022-11-10T00:10:08Z
ScottieBarnes,PTS,1.9,17.5,Over,tor,hou,3186670789,2022-11-10T00:10:08Z
ScottieBarnes,PTS,1.88,17.5,Under,tor,hou,3186670794,2022-11-10T00:10:08Z
O.G.Anunoby,PTS,1.84,18.5,Over,tor,hou,3186670791,2022-11-10T00:10:08Z
O.G.Anunoby,PTS,1.95,18.5,Under,tor,hou,3186670795,2022-11-10T00:10:08Z
FredVanVleet,PTS,1.94,20.5,Over,tor,hou,3186670796,2022-11-10T00:10:08Z
FredVanVleet,PTS,1.84,20.5,Under,tor,hou,3186670798,2022-11-10T00:10:08Z
FredVanVleet,3PM,2.33,3.5,Over,tor,hou,3186670797,2022-11-10T00:10:08Z
FredVanVleet,3PM,1.58,3.5,Under,tor,hou,3186670799,2022-11-10T00:10:08Z
FredVanVleet,ARP,1.87,32.5,Over,tor,hou,3186671067,2022-11-10T00:10:08Z
FredVanVleet,ARP,1.91,32.5,Under,tor,hou,3186671068,2022-11-10T00:10:08Z
FredVanVleet,AST,2.15,8.5,Over,tor,hou,3186724902,2022-11-10T00:10:08Z
FredVanVleet,AST,1.68,8.5,Under,tor,hou,3186724903,2022-11-10T00:10:08Z
KevinPorter Jr.,ARP,1.98,31.5,Over,tor,hou,3186806868,2022-11-10T00:10:08Z
KevinPorter Jr.,ARP,1.81,31.5,Under,tor,hou,3186806869,2022-11-10T00:10:08Z
KevinPorter Jr.,PTS,2.0,19.5,Over,tor,hou,3186808261,2022-11-10T00:10:08Z
KevinPorter Jr.,PTS,1.79,19.5,Under,tor,hou,3186808262,2022-11-10T00:10:08Z
AlperenSengun,PTS,1.88,14.5,Over,tor,hou,3186932436,2022-11-10T00:10:08Z
AlperenSengun,PTS,1.9,14.5,Under,tor,hou,3186932437,2022-11-10T00:10:08Z
AlperenSengun,ARP,1.96,27.5,Over,tor,hou,3186932438,2022-11-10T00:10:08Z
AlperenSengun,ARP,1.82,27.5,Under,tor,hou,3186932439,2022-11-10T00:10:08Z
JuliusRandle,AST,2.06,3.5,Over,bkn,ny,3186667358,2022-11-10T00:11:54Z
JuliusRandle,AST,1.75,3.5,Under,bkn,ny,3186667360,2022-11-10T00:11:54Z
RJBarrett,PTS,1.96,20.5,Over,bkn,ny,3186667366,2022-11-10T00:11:54Z
RJBarrett,PTS,1.82,20.5,Under,bkn,ny,3186667370,2022-11-10T00:11:54Z
JalenBrunson,3PM,2.18,1.5,Over,bkn,ny,3186667368,2022-11-10T00:11:54Z
JalenBrunson,3PM,1.66,1.5,Under,bkn,ny,3186667372,2022-11-10T00:11:54Z
RJBarrett,3PM,2.45,2.5,Over,bkn,ny,3186667371,2022-11-10T00:11:54Z
RJBarrett,3PM,1.54,2.5,Under,bkn,ny,3186667379,2022-11-10T00:11:54Z
JuliusRandle,3PM,1.6,1.5,Over,bkn,ny,3186667388,2022-11-10T00:11:54Z
JuliusRandle,3PM,2.3,1.5,Under,bkn,ny,3186667396,2022-11-10T00:11:54Z
RJBarrett,ARP,1.85,28.5,Over,bkn,ny,3186667392,2022-11-10T00:11:54Z
RJBarrett,ARP,1.93,28.5,Under,bkn,ny,3186667400,2022-11-10T00:11:54Z
RJBarrett,REB,2.14,5.5,Over,bkn,ny,3186667399,2022-11-10T00:11:54Z
RJBarrett,REB,1.7,5.5,Under,bkn,ny,3186667405,2022-11-10T00:11:54Z
RJBarrett,AST,2.35,3.5,Over,bkn,ny,3186667914,2022-11-10T00:11:54Z
RJBarrett,AST,1.57,3.5,Under,bkn,ny,3186667915,2022-11-10T00:11:54Z
JalenBrunson,PTS,1.94,18.5,Over,bkn,ny,3186667916,2022-11-10T00:11:54Z
JalenBrunson,PTS,1.84,18.5,Under,bkn,ny,3186667919,2022-11-10T00:11:54Z
JalenBrunson,AST,1.78,6.5,Over,bkn,ny,3186667918,2022-11-10T00:11:54Z
JalenBrunson,AST,2.02,6.5,Under,bkn,ny,3186667921,2022-11-10T00:11:54Z
JalenBrunson,ARP,1.95,29.5,Over,bkn,ny,3186667923,2022-11-10T00:11:54Z
JalenBrunson,ARP,1.83,29.5,Under,bkn,ny,3186667926,2022-11-10T00:11:54Z
JuliusRandle,ARP,1.89,32.5,Over,bkn,ny,3186667924,2022-11-10T00:11:54Z
JuliusRandle,ARP,1.89,32.5,Under,bkn,ny,3186667927,2022-11-10T00:11:54Z
KevinDurant,AST,1.77,5.5,Over,bkn,ny,3186668501,2022-11-10T00:11:54Z
KevinDurant,AST,2.02,5.5,Under,bkn,ny,3186668503,2022-11-10T00:11:54Z
RoyceO'Neale,AST,1.67,3.5,Over,bkn,ny,3186668502,2022-11-10T00:11:54Z
RoyceO'Neale,AST,2.17,3.5,Under,bkn,ny,3186668504,2022-11-10T00:11:54Z
NicolasClaxton,PTS,1.91,12.5,Over,bkn,ny,3186668505,2022-11-10T00:11:54Z
NicolasClaxton,PTS,1.87,12.5,Under,bkn,ny,3186668507,2022-11-10T00:11:54Z
KevinDurant,PTS,1.93,31.5,Over,bkn,ny,3186668508,2022-11-10T00:11:54Z
KevinDurant,PTS,1.85,31.5,Under,bkn,ny,3186668511,2022-11-10T00:11:54Z
RoyceO'Neale,3PM,2.48,2.5,Over,bkn,ny,3186668510,2022-11-10T00:11:54Z
RoyceO'Neale,3PM,1.53,2.5,Under,bkn,ny,3186668514,2022-11-10T00:11:54Z
KevinDurant,3PM,2.45,2.5,Over,bkn,ny,3186668512,2022-11-10T00:11:54Z
KevinDurant,3PM,1.53,2.5,Under,bkn,ny,3186668516,2022-11-10T00:11:54Z
NicolasClaxton,REB,1.88,9.5,Over,bkn,ny,3186668513,2022-11-10T00:11:54Z
NicolasClaxton,REB,1.9,9.5,Under,bkn,ny,3186668518,2022-11-10T00:11:54Z
KevinDurant,REB,2.17,7.5,Over,bkn,ny,3186668515,2022-11-10T00:11:54Z
KevinDurant,REB,1.68,7.5,Under,bkn,ny,3186668520,2022-11-10T00:11:54Z
RoyceO'Neale,REB,1.71,4.5,Over,bkn,ny,3186668517,2022-11-10T00:11:54Z
RoyceO'Neale,REB,2.12,4.5,Under,bkn,ny,3186668521,2022-11-10T00:11:54Z
KevinDurant,ARP,1.9,44.5,Over,bkn,ny,3186668519,2022-11-10T00:11:54Z
KevinDurant,ARP,1.88,44.5,Under,bkn,ny,3186668523,2022-11-10T00:11:54Z
NicolasClaxton,ARP,1.98,23.5,Over,bkn,ny,3186668525,2022-11-10T00:11:54Z
NicolasClaxton,ARP,1.8,23.5,Under,bkn,ny,3186668526,2022-11-10T00:11:54Z
JalenBrunson,REB,1.63,3.5,Over,bkn,ny,3186775080,2022-11-10T00:11:54Z
JalenBrunson,REB,2.25,3.5,Under,bkn,ny,3186775082,2022-11-10T00:11:54Z
RoyceO'Neale,PTS,1.92,11.5,Over,bkn,ny,3186814248,2022-11-10T00:11:54Z
RoyceO'Neale,PTS,1.86,11.5,Under,bkn,ny,3186814249,2022-11-10T00:11:54Z
RoyceO'Neale,ARP,1.92,20.5,Over,bkn,ny,3186814271,2022-11-10T00:11:54Z
RoyceO'Neale,ARP,1.87,20.5,Under,bkn,ny,3186814272,2022-11-10T00:11:54Z
JuliusRandle,REB,2.08,9.5,Over,bkn,ny,3186859840,2022-11-10T00:11:54Z
JuliusRandle,REB,1.73,9.5,Under,bkn,ny,3186859841,2022-11-10T00:11:54Z
JuliusRandle,PTS,1.86,19.5,Over,bkn,ny,3186930463,2022-11-10T00:11:54Z
JuliusRandle,PTS,1.92,19.5,Under,bkn,ny,3186930464,2022-11-10T00:11:54Z
JaMorant,ARP,1.91,43.5,Over,sa,mem,3186687234,2022-11-10T00:35:11Z
JaMorant,ARP,1.88,43.5,Under,sa,mem,3186687237,2022-11-10T00:35:11Z
TreJones,ARP,1.94,23.5,Over,sa,mem,3186687239,2022-11-10T00:35:11Z
TreJones,ARP,1.84,23.5,Under,sa,mem,3186687244,2022-11-10T00:35:11Z
JaMorant,REB,2.12,6.5,Over,sa,mem,3186687245,2022-11-10T00:35:11Z
JaMorant,REB,1.7,6.5,Under,sa,mem,3186687253,2022-11-10T00:35:11Z
DevinVassell,REB,1.8,4.5,Over,sa,mem,3186687246,2022-11-10T00:35:11Z
DevinVassell,REB,1.98,4.5,Under,sa,mem,3186687255,2022-11-10T00:35:11Z
DesmondBane,REB,1.82,4.5,Over,sa,mem,3186687248,2022-11-10T00:35:11Z
DesmondBane,REB,1.97,4.5,Under,sa,mem,3186687257,2022-11-10T00:35:11Z
J.Poeltl,REB,2.08,9.5,Over,sa,mem,3186687251,2022-11-10T00:35:11Z
J.Poeltl,REB,1.73,9.5,Under,sa,mem,3186687261,2022-11-10T00:35:11Z
JaMorant,AST,1.7,7.5,Over,sa,mem,3186687254,2022-11-10T00:35:11Z
JaMorant,AST,2.12,7.5,Under,sa,mem,3186687265,2022-11-10T00:35:11Z
DillonBrooks,REB,2.23,3.5,Over,sa,mem,3186687256,2022-11-10T00:35:11Z
DillonBrooks,REB,1.65,3.5,Under,sa,mem,3186687266,2022-11-10T00:35:11Z
TreJones,AST,1.83,6.5,Over,sa,mem,3186687259,2022-11-10T00:13:49Z
TreJones,AST,1.96,6.5,Under,sa,mem,3186687267,2022-11-10T00:13:49Z
DillonBrooks,AST,2.04,2.5,Over,sa,mem,3186687263,2022-11-10T00:35:11Z
DillonBrooks,AST,1.76,2.5,Under,sa,mem,3186687271,2022-11-10T00:35:11Z
DevinVassell,AST,1.83,3.5,Over,sa,mem,3186687269,2022-11-10T00:35:11Z
DevinVassell,AST,1.95,3.5,Under,sa,mem,3186687277,2022-11-10T00:35:11Z
JaMorant,PTS,1.8,28.5,Over,sa,mem,3186687270,2022-11-10T00:35:11Z
JaMorant,PTS,1.98,28.5,Under,sa,mem,3186687278,2022-11-10T00:35:11Z
TreJones,PTS,1.79,12.5,Over,sa,mem,3186687274,2022-11-10T00:35:11Z
TreJones,PTS,2.0,12.5,Under,sa,mem,3186687282,2022-11-10T00:35:11Z
DesmondBane,3PM,1.77,3.5,Under,sa,mem,3186687281,2022-11-10T00:35:11Z
DesmondBane,3PM,2.02,3.5,Over,sa,mem,3186687291,2022-11-10T00:35:11Z
JaMorant,3PM,2.12,1.5,Under,sa,mem,3186687287,2022-11-10T00:35:11Z
JaMorant,3PM,1.7,1.5,Over,sa,mem,3186687296,2022-11-10T00:35:11Z
DevinVassell,3PM,2.23,2.5,Under,sa,mem,3186687292,2022-11-10T00:35:11Z
DevinVassell,3PM,1.64,2.5,Over,sa,mem,3186687300,2022-11-10T00:35:11Z
DillonBrooks,3PM,2.5,1.5,Under,sa,mem,3186687293,2022-11-10T00:35:11Z
DillonBrooks,3PM,1.52,1.5,Over,sa,mem,3186687302,2022-11-10T00:35:11Z
KeldonJohnson,PTS,1.83,22.5,Over,sa,mem,3186687320,2022-11-10T00:35:11Z
KeldonJohnson,PTS,1.96,22.5,Under,sa,mem,3186687322,2022-11-10T00:35:11Z
DevinVassell,PTS,1.8,18.5,Over,sa,mem,3186687323,2022-11-10T00:35:11Z
DevinVassell,PTS,2.0,18.5,Under,sa,mem,3186687324,2022-11-10T00:35:11Z
KeldonJohnson,3PM,2.18,2.5,Under,sa,mem,3186687325,2022-11-10T00:35:11Z
KeldonJohnson,3PM,1.67,2.5,Over,sa,mem,3186687326,2022-11-10T00:35:11Z
J.Poeltl,ARP,1.92,24.5,Over,sa,mem,3186687584,2022-11-10T00:35:11Z
J.Poeltl,ARP,1.86,24.5,Under,sa,mem,3186687586,2022-11-10T00:35:11Z
J.Poeltl,PTS,1.8,11.5,Over,sa,mem,3186687588,2022-11-10T00:35:11Z
J.Poeltl,PTS,2.0,11.5,Under,sa,mem,3186687589,2022-11-10T00:35:11Z
KeldonJohnson,REB,2.02,5.5,Over,sa,mem,3186687620,2022-11-10T00:35:11Z
KeldonJohnson,REB,1.78,5.5,Under,sa,mem,3186687623,2022-11-10T00:35:11Z
TreJones,REB,1.98,3.5,Over,sa,mem,3186687622,2022-11-10T00:35:11Z
TreJones,REB,1.81,3.5,Under,sa,mem,3186687625,2022-11-10T00:35:11Z
KeldonJohnson,ARP,1.97,32.5,Over,sa,mem,3186687635,2022-11-10T00:35:11Z
KeldonJohnson,ARP,1.82,32.5,Under,sa,mem,3186687636,2022-11-10T00:35:11Z
KeldonJohnson,AST,1.82,3.5,Over,sa,mem,3186687637,2022-11-10T00:35:11Z
KeldonJohnson,AST,1.97,3.5,Under,sa,mem,3186687638,2022-11-10T00:35:11Z
DesmondBane,PTS,1.84,21.5,Over,sa,mem,3186687706,2022-11-10T00:35:11Z
DesmondBane,PTS,1.95,21.5,Under,sa,mem,3186687710,2022-11-10T00:35:11Z
DillonBrooks,PTS,1.85,15.5,Over,sa,mem,3186687708,2022-11-10T00:35:11Z
DillonBrooks,PTS,1.93,15.5,Under,sa,mem,3186687711,2022-11-10T00:35:11Z
DesmondBane,ARP,1.89,30.5,Over,sa,mem,3186719239,2022-11-10T00:35:11Z
DesmondBane,ARP,1.89,30.5,Under,sa,mem,3186719240,2022-11-10T00:35:11Z
DillonBrooks,ARP,1.88,21.5,Over,sa,mem,3186719241,2022-11-10T00:35:11Z
DillonBrooks,ARP,1.9,21.5,Under,sa,mem,3186719242,2022-11-10T00:35:11Z
DesmondBane,AST,1.74,3.5,Over,sa,mem,3186719243,2022-11-10T00:35:11Z
DesmondBane,AST,2.07,3.5,Under,sa,mem,3186719244,2022-11-10T00:35:11Z
J.Poeltl,AST,2.25,3.5,Over,sa,mem,3186796842,2022-11-10T00:35:11Z
J.Poeltl,AST,1.63,3.5,Under,sa,mem,3186796843,2022-11-10T00:35:11Z
DevinVassell,ARP,1.89,27.5,Over,sa,mem,3186796890,2022-11-10T00:35:11Z
DevinVassell,ARP,1.89,27.5,Under,sa,mem,3186796891,2022-11-10T00:35:11Z
NikolaVucevic,REB,1.73,10.5,Over,chi,no,3186668861,2022-11-10T00:42:59Z
NikolaVucevic,REB,2.08,10.5,Under,chi,no,3186668872,2022-11-10T00:42:59Z
DeMarDeRozan,REB,2.14,4.5,Over,chi,no,3186668865,2022-11-10T00:42:59Z
DeMarDeRozan,REB,1.7,4.5,Under,chi,no,3186668874,2022-11-10T00:42:59Z
BrandonIngram,REB,1.86,5.5,Over,chi,no,3186668869,2022-11-10T00:42:59Z
BrandonIngram,REB,1.92,5.5,Under,chi,no,3186668877,2022-11-10T00:42:59Z
BrandonIngram,AST,2.18,5.5,Over,chi,no,3186668880,2022-11-10T00:42:59Z
BrandonIngram,AST,1.67,5.5,Under,chi,no,3186668887,2022-11-10T00:42:59Z
CJMcCollum,REB,1.84,4.5,Over,chi,no,3186668882,2022-11-10T00:42:59Z
CJMcCollum,REB,1.94,4.5,Under,chi,no,3186668889,2022-11-10T00:42:59Z
ZionWilliamson,AST,1.79,3.5,Over,chi,no,3186668893,2022-11-10T00:42:59Z
ZionWilliamson,AST,2.0,3.5,Under,chi,no,3186668898,2022-11-10T00:42:59Z
AyoDosunmu,REB,2.23,3.5,Over,chi,no,3186668894,2022-11-10T00:42:59Z
AyoDosunmu,REB,1.65,3.5,Under,chi,no,3186668900,2022-11-10T00:42:59Z
AyoDosunmu,AST,2.16,3.5,Over,chi,no,3186668895,2022-11-10T00:42:59Z
AyoDosunmu,AST,1.68,3.5,Under,chi,no,3186668901,2022-11-10T00:42:59Z
BrandonIngram,3PM,2.16,1.5,Over,chi,no,3186668909,2022-11-10T00:42:59Z
BrandonIngram,3PM,1.68,1.5,Under,chi,no,3186668917,2022-11-10T00:42:59Z
AyoDosunmu,3PM,2.5,1.5,Over,chi,no,3186668919,2022-11-10T00:42:59Z
AyoDosunmu,3PM,1.52,1.5,Under,chi,no,3186668926,2022-11-10T00:42:59Z
CJMcCollum,3PM,2.4,2.5,Over,chi,no,3186668923,2022-11-10T00:42:59Z
CJMcCollum,3PM,1.56,2.5,Under,chi,no,3186668930,2022-11-10T00:42:59Z
ZachLaVine,3PM,1.81,2.5,Over,chi,no,3186668924,2022-11-10T00:42:59Z
ZachLaVine,3PM,1.98,2.5,Under,chi,no,3186668931,2022-11-10T00:42:59Z
NikolaVucevic,3PM,1.79,1.5,Over,chi,no,3186668925,2022-11-10T00:42:59Z
NikolaVucevic,3PM,2.0,1.5,Under,chi,no,3186668932,2022-11-10T00:42:59Z
DeMarDeRozan,3PM,2.3,0.5,Over,chi,no,3186668937,2022-11-10T00:42:59Z
DeMarDeRozan,3PM,1.6,0.5,Under,chi,no,3186668938,2022-11-10T00:42:59Z
ZachLaVine,AST,1.93,4.5,Over,chi,no,3186668971,2022-11-10T00:42:59Z
ZachLaVine,AST,1.86,4.5,Under,chi,no,3186668972,2022-11-10T00:42:59Z
CJMcCollum,PTS,1.89,21.5,Over,chi,no,3186668973,2022-11-10T00:42:59Z
CJMcCollum,PTS,1.89,21.5,Under,chi,no,3186668975,2022-11-10T00:42:59Z
PatrickWilliams,3PM,2.45,1.5,Over,chi,no,3186668990,2022-11-10T00:42:59Z
PatrickWilliams,3PM,1.53,1.5,Under,chi,no,3186668991,2022-11-10T00:42:59Z
ZachLaVine,ARP,1.82,30.5,Over,chi,no,3186703802,2022-11-10T00:42:59Z
ZachLaVine,ARP,1.97,30.5,Under,chi,no,3186703805,2022-11-10T00:42:59Z
DeMarDeRozan,ARP,1.98,33.5,Over,chi,no,3186703803,2022-11-10T00:42:59Z
DeMarDeRozan,ARP,1.8,33.5,Under,chi,no,3186703806,2022-11-10T00:42:59Z
PatrickWilliams,PTS,1.93,10.5,Over,chi,no,3186703807,2022-11-10T00:42:59Z
PatrickWilliams,PTS,1.85,10.5,Under,chi,no,3186703808,2022-11-10T00:42:59Z
AyoDosunmu,PTS,1.92,10.5,Over,chi,no,3186703810,2022-11-10T00:42:59Z
AyoDosunmu,PTS,1.86,10.5,Under,chi,no,3186703814,2022-11-10T00:42:59Z
ZachLaVine,PTS,1.8,21.5,Over,chi,no,3186703812,2022-11-10T00:42:59Z
ZachLaVine,PTS,1.98,21.5,Under,chi,no,3186703816,2022-11-10T00:42:59Z
ZachLaVine,REB,2.14,4.5,Over,chi,no,3186703839,2022-11-10T00:42:59Z
ZachLaVine,REB,1.7,4.5,Under,chi,no,3186703841,2022-11-10T00:42:59Z
PatrickWilliams,REB,2.16,4.5,Over,chi,no,3186703840,2022-11-10T00:42:59Z
PatrickWilliams,REB,1.68,4.5,Under,chi,no,3186703842,2022-11-10T00:42:59Z
AyoDosunmu,ARP,2.0,17.5,Over,chi,no,3186703849,2022-11-10T00:42:59Z
AyoDosunmu,ARP,1.79,17.5,Under,chi,no,3186703851,2022-11-10T00:42:59Z
PatrickWilliams,ARP,2.02,16.5,Over,chi,no,3186703850,2022-11-10T00:42:59Z
PatrickWilliams,ARP,1.77,16.5,Under,chi,no,3186703853,2022-11-10T00:42:59Z
DeMarDeRozan,AST,2.02,4.5,Over,chi,no,3186703855,2022-11-10T00:42:59Z
DeMarDeRozan,AST,1.77,4.5,Under,chi,no,3186703857,2022-11-10T00:42:59Z
NikolaVucevic,AST,1.63,2.5,Over,chi,no,3186703856,2022-11-10T00:42:59Z
NikolaVucevic,AST,2.25,2.5,Under,chi,no,3186703858,2022-11-10T00:42:59Z
CJMcCollum,ARP,1.86,31.5,Over,chi,no,3186703859,2022-11-10T00:42:59Z
CJMcCollum,ARP,1.92,31.5,Under,chi,no,3186703860,2022-11-10T00:42:59Z
ZionWilliamson,ARP,1.93,35.5,Over,chi,no,3186703866,2022-11-10T00:42:59Z
ZionWilliamson,ARP,1.85,35.5,Under,chi,no,3186703869,2022-11-10T00:42:59Z
HerbertJones,ARP,1.78,14.5,Over,chi,no,3186703867,2022-11-10T00:42:59Z
HerbertJones,ARP,2.02,14.5,Under,chi,no,3186703870,2022-11-10T00:42:59Z
ZionWilliamson,PTS,1.82,23.5,Over,chi,no,3186703871,2022-11-10T00:42:59Z
ZionWilliamson,PTS,1.97,23.5,Under,chi,no,3186703873,2022-11-10T00:42:59Z
HerbertJones,PTS,1.85,8.5,Over,chi,no,3186703872,2022-11-10T00:42:59Z
HerbertJones,PTS,1.93,8.5,Under,chi,no,3186703874,2022-11-10T00:42:59Z
BrandonIngram,PTS,1.81,23.5,Over,chi,no,3186703875,2022-11-10T00:42:59Z
BrandonIngram,PTS,1.98,23.5,Under,chi,no,3186703876,2022-11-10T00:42:59Z
BrandonIngram,ARP,1.81,34.5,Over,chi,no,3186703957,2022-11-10T00:42:59Z
BrandonIngram,ARP,1.98,34.5,Under,chi,no,3186703958,2022-11-10T00:42:59Z
HerbertJones,REB,2.16,4.5,Over,chi,no,3186703959,2022-11-10T00:42:59Z
HerbertJones,REB,1.68,4.5,Under,chi,no,3186703961,2022-11-10T00:42:59Z
ZionWilliamson,REB,1.89,7.5,Over,chi,no,3186703962,2022-11-10T00:42:59Z
ZionWilliamson,REB,1.89,7.5,Under,chi,no,3186703964,2022-11-10T00:42:59Z
HerbertJones,AST,1.68,1.5,Over,chi,no,3186703965,2022-11-10T00:42:59Z
HerbertJones,AST,2.17,1.5,Under,chi,no,3186703966,2022-11-10T00:42:59Z
CJMcCollum,AST,2.15,5.5,Over,chi,no,3186704001,2022-11-10T00:42:59Z
CJMcCollum,AST,1.68,5.5,Under,chi,no,3186704002,2022-11-10T00:42:59Z
DeMarDeRozan,PTS,1.95,24.5,Over,chi,no,3186773476,2022-11-10T00:42:59Z
DeMarDeRozan,PTS,1.83,24.5,Under,chi,no,3186773477,2022-11-10T00:42:59Z
NikolaVucevic,ARP,1.94,30.5,Over,chi,no,3186815542,2022-11-10T00:42:59Z
NikolaVucevic,ARP,1.84,30.5,Under,chi,no,3186815543,2022-11-10T00:42:59Z
NikolaVucevic,PTS,1.97,16.5,Over,chi,no,3186815544,2022-11-10T00:42:59Z
NikolaVucevic,PTS,1.82,16.5,Under,chi,no,3186815545,2022-11-10T00:42:59Z
ShaiGilgeous-Alexander,PTS,1.83,27.5,Over,okc,mil,3186734318,2022-11-10T00:28:44Z
ShaiGilgeous-Alexander,PTS,1.96,27.5,Under,okc,mil,3186734320,2022-11-10T00:28:44Z
ShaiGilgeous-Alexander,3PM,1.57,0.5,Over,okc,mil,3186734319,2022-11-10T00:28:44Z
ShaiGilgeous-Alexander,3PM,2.38,0.5,Under,okc,mil,3186734321,2022-11-10T00:28:44Z
ShaiGilgeous-Alexander,AST,2.15,5.5,Over,okc,mil,3186734398,2022-11-10T00:28:44Z
ShaiGilgeous-Alexander,AST,1.68,5.5,Under,okc,mil,3186734401,2022-11-10T00:28:44Z
ShaiGilgeous-Alexander,REB,1.84,4.5,Over,okc,mil,3186734399,2022-11-10T00:28:44Z
ShaiGilgeous-Alexander,REB,1.94,4.5,Under,okc,mil,3186734402,2022-11-10T00:28:44Z
ShaiGilgeous-Alexander,ARP,1.83,37.5,Over,okc,mil,3186736294,2022-11-10T00:28:44Z
ShaiGilgeous-Alexander,ARP,1.96,37.5,Under,okc,mil,3186736295,2022-11-10T00:28:44Z
JeremiahRobinson-Earl,PTS,2.05,7.5,Over,okc,mil,3186815724,2022-11-10T00:28:44Z
JeremiahRobinson-Earl,PTS,1.75,7.5,Under,okc,mil,3186815731,2022-11-10T00:28:44Z
JoshGiddey,3PM,2.6,1.5,Over,okc,mil,3186815725,2022-11-10T00:28:44Z
JoshGiddey,3PM,1.48,1.5,Under,okc,mil,3186815733,2022-11-10T00:28:44Z
JoshGiddey,REB,1.8,6.5,Over,okc,mil,3186815729,2022-11-10T00:28:44Z
JoshGiddey,REB,2.0,6.5,Under,okc,mil,3186815739,2022-11-10T00:28:44Z
JoshGiddey,PTS,1.81,12.5,Over,okc,mil,3186816009,2022-11-10T00:28:44Z
JoshGiddey,PTS,1.98,12.5,Under,okc,mil,3186816012,2022-11-10T00:28:44Z
JeremiahRobinson-Earl,3PM,2.43,1.5,Over,okc,mil,3186816011,2022-11-10T00:28:44Z
JeremiahRobinson-Earl,3PM,1.55,1.5,Under,okc,mil,3186816015,2022-11-10T00:28:44Z
LuguentzDort,3PM,1.7,1.5,Over,okc,mil,3186816014,2022-11-10T00:28:44Z
LuguentzDort,3PM,2.12,1.5,Under,okc,mil,3186816020,2022-11-10T00:28:44Z
JoshGiddey,ARP,1.98,25.5,Over,okc,mil,3186816023,2022-11-10T00:28:44Z
JoshGiddey,ARP,1.81,25.5,Under,okc,mil,3186816025,2022-11-10T00:28:44Z
LuguentzDort,PTS,1.89,14.5,Over,okc,mil,3186816040,2022-11-10T00:28:44Z
LuguentzDort,PTS,1.89,14.5,Under,okc,mil,3186816041,2022-11-10T00:28:44Z
LuguentzDort,ARP,1.85,20.5,Over,okc,mil,3186816042,2022-11-10T00:28:44Z
LuguentzDort,ARP,1.93,20.5,Under,okc,mil,3186816044,2022-11-10T00:28:44Z
LuguentzDort,REB,1.78,3.5,Over,okc,mil,3186816104,2022-11-10T00:28:44Z
LuguentzDort,REB,2.02,3.5,Under,okc,mil,3186816106,2022-11-10T00:28:44Z
JeremiahRobinson-Earl,REB,1.97,4.5,Over,okc,mil,3186816105,2022-11-10T00:28:44Z
JeremiahRobinson-Earl,REB,1.82,4.5,Under,okc,mil,3186816108,2022-11-10T00:28:44Z
LuguentzDort,AST,2.25,2.5,Over,okc,mil,3186816144,2022-11-10T00:28:44Z
LuguentzDort,AST,1.63,2.5,Under,okc,mil,3186816145,2022-11-10T00:28:44Z
JoshGiddey,AST,2.07,5.5,Over,okc,mil,3186816146,2022-11-10T00:28:44Z
JoshGiddey,AST,1.74,5.5,Under,okc,mil,3186816147,2022-11-10T00:28:44Z
GraysonAllen,3PM,1.95,2.5,Over,okc,mil,3186893160,2022-11-10T00:28:44Z
GraysonAllen,3PM,1.84,2.5,Under,okc,mil,3186893169,2022-11-10T00:28:44Z
GraysonAllen,REB,1.71,3.5,Over,okc,mil,3186893162,2022-11-10T00:28:44Z
GraysonAllen,REB,2.1,3.5,Under,okc,mil,3186893172,2022-11-10T00:28:44Z
BrookLopez,REB,2.0,7.5,Over,okc,mil,3186893165,2022-11-10T00:28:44Z
BrookLopez,REB,1.8,7.5,Under,okc,mil,3186893174,2022-11-10T00:28:44Z
BrookLopez,3PM,2.38,2.5,Over,okc,mil,3186893362,2022-11-10T00:28:44Z
BrookLopez,3PM,1.57,2.5,Under,okc,mil,3186893364,2022-11-10T00:28:44Z
JevonCarter,3PM,1.68,1.5,Over,okc,mil,3186893712,2022-11-10T00:28:44Z
JevonCarter,3PM,2.17,1.5,Under,okc,mil,3186893714,2022-11-10T00:28:44Z
BobbyPortis,3PM,1.67,1.5,Over,okc,mil,3186893756,2022-11-10T00:28:44Z
BobbyPortis,3PM,2.17,1.5,Under,okc,mil,3186893758,2022-11-10T00:28:44Z
GraysonAllen,PTS,1.94,15.5,Over,okc,mil,3186909023,2022-11-10T00:28:44Z
GraysonAllen,PTS,1.84,15.5,Under,okc,mil,3186909026,2022-11-10T00:28:44Z
JevonCarter,PTS,1.79,8.5,Over,okc,mil,3186909025,2022-11-10T00:28:44Z
JevonCarter,PTS,2.0,8.5,Under,okc,mil,3186909029,2022-11-10T00:28:44Z
BrookLopez,PTS,1.94,17.5,Over,okc,mil,3186909027,2022-11-10T00:28:44Z
BrookLopez,PTS,1.84,17.5,Under,okc,mil,3186909031,2022-11-10T00:28:44Z
BobbyPortis,PTS,1.92,19.5,Over,okc,mil,3186909028,2022-11-10T00:28:44Z
BobbyPortis,PTS,1.86,19.5,Under,okc,mil,3186909033,2022-11-10T00:28:44Z
BobbyPortis,REB,1.93,13.5,Over,okc,mil,3186909133,2022-11-10T00:28:44Z
BobbyPortis,REB,1.85,13.5,Under,okc,mil,3186909134,2022-11-10T00:28:44Z
JevonCarter,REB,1.95,3.5,Over,okc,mil,3186909135,2022-11-10T00:28:44Z
JevonCarter,REB,1.83,3.5,Under,okc,mil,3186909139,2022-11-10T00:28:44Z
JevonCarter,AST,2.0,4.5,Over,okc,mil,3186909457,2022-11-10T00:28:44Z
JevonCarter,AST,1.79,4.5,Under,okc,mil,3186909459,2022-11-10T00:28:44Z
BobbyPortis,AST,2.35,3.5,Over,okc,mil,3186909458,2022-11-10T00:28:44Z
BobbyPortis,AST,1.58,3.5,Under,okc,mil,3186909460,2022-11-10T00:28:44Z
BobbyPortis,ARP,1.95,36.5,Over,okc,mil,3186909463,2022-11-10T00:28:44Z
BobbyPortis,ARP,1.84,36.5,Under,okc,mil,3186909464,2022-11-10T00:28:44Z
JevonCarter,ARP,2.0,17.5,Over,okc,mil,3186931602,2022-11-10T00:28:44Z
JevonCarter,ARP,1.79,17.5,Under,okc,mil,3186931603,2022-11-10T00:28:44Z
AnthonyEdwards,AST,2.17,3.5,Over,min,phx,3186696921,2022-11-10T00:12:38Z
AnthonyEdwards,AST,1.68,3.5,Under,min,phx,3186696924,2022-11-10T00:12:38Z
Karl-AnthonyTowns,PTS,1.82,22.5,Over,min,phx,3186696923,2022-11-10T00:12:38Z
Karl-AnthonyTowns,PTS,1.96,22.5,Under,min,phx,3186696928,2022-11-10T00:12:38Z
AnthonyEdwards,PTS,1.82,22.5,Over,min,phx,3186696927,2022-11-10T00:12:38Z
AnthonyEdwards,PTS,1.96,22.5,Under,min,phx,3186696937,2022-11-10T00:12:38Z
Karl-AnthonyTowns,ARP,1.92,36.5,Over,min,phx,3186696929,2022-11-10T00:12:38Z
Karl-AnthonyTowns,ARP,1.86,36.5,Under,min,phx,3186696939,2022-11-10T00:12:38Z
Karl-AnthonyTowns,AST,1.77,4.5,Over,min,phx,3186696936,2022-11-10T00:12:38Z
Karl-AnthonyTowns,AST,2.02,4.5,Under,min,phx,3186696945,2022-11-10T00:12:38Z
AnthonyEdwards,3PM,1.63,2.5,Over,min,phx,3186696944,2022-11-10T00:12:38Z
AnthonyEdwards,3PM,2.25,2.5,Under,min,phx,3186696948,2022-11-10T00:12:38Z
D'AngeloRussell,3PM,2.45,2.5,Over,min,phx,3186696954,2022-11-10T00:12:38Z
D'AngeloRussell,3PM,1.54,2.5,Under,min,phx,3186696956,2022-11-10T00:12:38Z
D'AngeloRussell,ARP,1.8,22.5,Over,min,phx,3186729145,2022-11-10T00:12:38Z
D'AngeloRussell,ARP,2.0,22.5,Under,min,phx,3186729147,2022-11-10T00:12:38Z
AnthonyEdwards,ARP,1.84,30.5,Over,min,phx,3186729146,2022-11-10T00:12:38Z
AnthonyEdwards,ARP,1.95,30.5,Under,min,phx,3186729150,2022-11-10T00:12:38Z
JadenMcDaniels,REB,1.79,2.5,Over,min,phx,3186729148,2022-11-10T00:12:38Z
JadenMcDaniels,REB,2.0,2.5,Under,min,phx,3186729152,2022-11-10T00:12:38Z
Karl-AnthonyTowns,REB,1.9,8.5,Over,min,phx,3186729149,2022-11-10T00:12:38Z
Karl-AnthonyTowns,REB,1.88,8.5,Under,min,phx,3186729155,2022-11-10T00:12:38Z
D'AngeloRussell,REB,2.32,3.5,Over,min,phx,3186729151,2022-11-10T00:12:38Z
D'AngeloRussell,REB,1.6,3.5,Under,min,phx,3186729157,2022-11-10T00:12:38Z
D'AngeloRussell,AST,1.8,5.5,Over,min,phx,3186729153,2022-11-10T00:12:38Z
D'AngeloRussell,AST,2.0,5.5,Under,min,phx,3186729159,2022-11-10T00:12:38Z
D'AngeloRussell,PTS,1.82,13.5,Over,min,phx,3186729154,2022-11-10T00:12:38Z
D'AngeloRussell,PTS,1.97,13.5,Under,min,phx,3186729161,2022-11-10T00:12:38Z
Karl-AnthonyTowns,3PM,2.15,2.5,Over,min,phx,3186729156,2022-11-10T00:12:38Z
Karl-AnthonyTowns,3PM,1.68,2.5,Under,min,phx,3186729162,2022-11-10T00:12:38Z
JadenMcDaniels,PTS,2.0,8.5,Over,min,phx,3186729158,2022-11-10T00:12:38Z
JadenMcDaniels,PTS,1.79,8.5,Under,min,phx,3186729163,2022-11-10T00:12:38Z
JadenMcDaniels,3PM,2.63,1.5,Over,min,phx,3186729160,2022-11-10T00:12:38Z
JadenMcDaniels,3PM,1.47,1.5,Under,min,phx,3186729164,2022-11-10T00:12:38Z
RudyGobert,REB,2.04,12.5,Over,min,phx,3186826785,2022-11-10T00:12:38Z
RudyGobert,REB,1.76,12.5,Under,min,phx,3186826788,2022-11-10T00:12:38Z
RudyGobert,PTS,1.85,11.5,Over,min,phx,3186827035,2022-11-10T00:12:38Z
RudyGobert,PTS,1.93,11.5,Under,min,phx,3186827036,2022-11-10T00:12:38Z
MikalBridges,REB,1.87,4.5,Over,min,phx,3186827213,2022-11-10T00:12:38Z
MikalBridges,REB,1.91,4.5,Under,min,phx,3186827216,2022-11-10T00:12:38Z
DeandreAyton,PTS,1.95,16.5,Over,min,phx,3186827217,2022-11-10T00:12:38Z
DeandreAyton,PTS,1.83,16.5,Under,min,phx,3186827221,2022-11-10T00:12:38Z
MikalBridges,AST,1.62,2.5,Over,min,phx,3186827220,2022-11-10T00:12:38Z
MikalBridges,AST,2.25,2.5,Under,min,phx,3186827226,2022-11-10T00:12:38Z
MikalBridges,3PM,2.38,1.5,Over,min,phx,3186827222,2022-11-10T00:12:38Z
MikalBridges,3PM,1.57,1.5,Under,min,phx,3186827229,2022-11-10T00:12:38Z
DeandreAyton,AST,1.94,1.5,Over,min,phx,3186827225,2022-11-10T00:12:38Z
DeandreAyton,AST,1.84,1.5,Under,min,phx,3186827233,2022-11-10T00:12:38Z
DevinBooker,REB,1.92,4.5,Over,min,phx,3186827227,2022-11-10T00:12:38Z
DevinBooker,REB,1.87,4.5,Under,min,phx,3186827234,2022-11-10T00:12:38Z
MikalBridges,PTS,1.81,13.5,Over,min,phx,3186827228,2022-11-10T00:12:38Z
MikalBridges,PTS,1.98,13.5,Under,min,phx,3186827235,2022-11-10T00:12:38Z
DevinBooker,3PM,1.86,2.5,Over,min,phx,3186827231,2022-11-10T00:12:38Z
DevinBooker,3PM,1.92,2.5,Under,min,phx,3186827237,2022-11-10T00:12:38Z
DeandreAyton,ARP,1.94,27.5,Over,min,phx,3186827512,2022-11-10T00:12:38Z
DeandreAyton,ARP,1.84,27.5,Under,min,phx,3186827513,2022-11-10T00:12:38Z
DeandreAyton,REB,2.08,9.5,Over,min,phx,3186827514,2022-11-10T00:12:38Z
DeandreAyton,REB,1.73,9.5,Under,min,phx,3186827515,2022-11-10T00:12:38Z
DevinBooker,ARP,1.92,39.5,Over,min,phx,3186827588,2022-11-10T00:12:38Z
DevinBooker,ARP,1.86,39.5,Under,min,phx,3186827590,2022-11-10T00:12:38Z
MikalBridges,ARP,1.88,21.5,Over,min,phx,3186827589,2022-11-10T00:12:38Z
MikalBridges,ARP,1.9,21.5,Under,min,phx,3186827591,2022-11-10T00:12:38Z
DevinBooker,PTS,1.81,27.5,Over,min,phx,3186881222,2022-11-10T00:12:38Z
DevinBooker,PTS,1.98,27.5,Under,min,phx,3186881223,2022-11-10T00:12:38Z
DevinBooker,AST,1.82,6.5,Over,min,phx,3186882132,2022-11-10T00:12:38Z
DevinBooker,AST,1.97,6.5,Under,min,phx,3186882133,2022-11-10T00:12:38Z
AnthonyEdwards,REB,1.96,4.5,Over,min,phx,3186883285,2022-11-10T00:12:38Z
AnthonyEdwards,REB,1.83,4.5,Under,min,phx,3186883286,2022-11-10T00:12:38Z
AnthonyDavis,AST,1.8,2.5,Over,lac,lal,3186720163,2022-11-10T00:49:48Z
AnthonyDavis,AST,2.0,2.5,Under,lac,lal,3186720190,2022-11-10T00:49:48Z
LeBronJames,3PM,1.53,2.5,Under,lac,lal,3186720166,2022-11-10T00:49:48Z
LeBronJames,3PM,2.45,2.5,Over,lac,lal,3186720194,2022-11-10T00:49:48Z
LeBronJames,AST,1.76,6.5,Over,lac,lal,3186720169,2022-11-10T00:49:48Z
LeBronJames,AST,2.05,6.5,Under,lac,lal,3186720197,2022-11-10T00:49:48Z
MarcusMorris Sr.,3PM,2.55,1.5,Under,lac,lal,3186720444,2022-11-10T00:49:48Z
MarcusMorris Sr.,3PM,1.49,1.5,Over,lac,lal,3186720462,2022-11-10T00:49:48Z
IvicaZubac,ARP,1.98,23.5,Over,lac,lal,3186720662,2022-11-10T00:49:48Z
IvicaZubac,ARP,1.81,23.5,Under,lac,lal,3186720666,2022-11-10T00:49:48Z
IvicaZubac,REB,1.78,10.5,Over,lac,lal,3186720664,2022-11-10T00:49:48Z
IvicaZubac,REB,2.02,10.5,Under,lac,lal,3186720668,2022-11-10T00:49:48Z
MarcusMorris Sr.,REB,1.93,5.5,Over,lac,lal,3186720667,2022-11-10T00:49:48Z
MarcusMorris Sr.,REB,1.85,5.5,Under,lac,lal,3186720673,2022-11-10T00:49:48Z
PaulGeorge,AST,2.28,5.5,Over,lac,lal,3186720669,2022-11-10T00:49:48Z
PaulGeorge,AST,1.61,5.5,Under,lac,lal,3186720675,2022-11-10T00:49:48Z
MarcusMorris Sr.,AST,2.32,2.5,Over,lac,lal,3186720671,2022-11-10T00:49:48Z
MarcusMorris Sr.,AST,1.6,2.5,Under,lac,lal,3186720676,2022-11-10T00:49:48Z
PaulGeorge,PTS,1.94,26.5,Over,lac,lal,3186720672,2022-11-10T00:49:48Z
PaulGeorge,PTS,1.84,26.5,Under,lac,lal,3186720677,2022-11-10T00:49:48Z
MarcusMorris Sr.,PTS,2.02,15.5,Over,lac,lal,3186720674,2022-11-10T00:49:48Z
MarcusMorris Sr.,PTS,1.78,15.5,Under,lac,lal,3186720679,2022-11-10T00:49:48Z
IvicaZubac,PTS,1.94,10.5,Over,lac,lal,3186720678,2022-11-10T00:49:48Z
IvicaZubac,PTS,1.84,10.5,Under,lac,lal,3186720682,2022-11-10T00:49:48Z
PaulGeorge,3PM,1.63,3.5,Under,lac,lal,3186720681,2022-11-10T00:49:48Z
PaulGeorge,3PM,2.25,3.5,Over,lac,lal,3186720684,2022-11-10T00:49:48Z
PaulGeorge,ARP,1.88,38.5,Over,lac,lal,3186720713,2022-11-10T00:49:48Z
PaulGeorge,ARP,1.9,38.5,Under,lac,lal,3186720714,2022-11-10T00:49:48Z
AnthonyDavis,REB,2.02,9.5,Over,lac,lal,3186720790,2022-11-10T00:49:48Z
AnthonyDavis,REB,1.77,9.5,Under,lac,lal,3186720793,2022-11-10T00:49:48Z
LeBronJames,REB,1.76,7.5,Over,lac,lal,3186720792,2022-11-10T00:49:48Z
LeBronJames,REB,2.04,7.5,Under,lac,lal,3186720795,2022-11-10T00:49:48Z
AnthonyDavis,ARP,1.97,35.5,Over,lac,lal,3186720794,2022-11-10T00:49:48Z
AnthonyDavis,ARP,1.81,35.5,Under,lac,lal,3186720798,2022-11-10T00:49:48Z
AnthonyDavis,PTS,1.82,22.5,Over,lac,lal,3186720796,2022-11-10T00:49:48Z
AnthonyDavis,PTS,1.97,22.5,Under,lac,lal,3186720799,2022-11-10T00:49:48Z
LeBronJames,ARP,1.85,40.5,Over,lac,lal,3186720819,2022-11-10T00:49:48Z
LeBronJames,ARP,1.94,40.5,Under,lac,lal,3186720820,2022-11-10T00:49:48Z
MarcusMorris Sr.,ARP,1.79,22.5,Over,lac,lal,3186720821,2022-11-10T00:49:48Z
MarcusMorris Sr.,ARP,2.0,22.5,Under,lac,lal,3186720822,2022-11-10T00:49:48Z
PaulGeorge,REB,1.68,6.5,Over,lac,lal,3186720824,2022-11-10T00:49:48Z
PaulGeorge,REB,2.15,6.5,Under,lac,lal,3186720826,2022-11-10T00:49:48Z
LeBronJames,PTS,1.83,25.5,Over,lac,lal,3186721311,2022-11-10T00:49:48Z
LeBronJames,PTS,1.96,25.5,Under,lac,lal,3186721312,2022-11-10T00:49:48Z
C.LeVert,REB,1.73,3.5,Over,sac,cle,3186685942,2022-11-10T00:20:40Z
C.LeVert,REB,2.08,3.5,Under,sac,cle,3186685946,2022-11-10T00:20:40Z
DariusGarland,REB,1.7,2.5,Over,sac,cle,3186685945,2022-11-10T00:20:40Z
DariusGarland,REB,2.12,2.5,Under,sac,cle,3186685950,2022-11-10T00:20:40Z
DariusGarland,AST,1.77,8.5,Over,sac,cle,3186685948,2022-11-10T00:20:40Z
DariusGarland,AST,2.04,8.5,Under,sac,cle,3186685954,2022-11-10T00:20:40Z
EvanMobley,AST,2.3,2.5,Over,sac,cle,3186685951,2022-11-10T00:20:40Z
EvanMobley,AST,1.6,2.5,Under,sac,cle,3186685958,2022-11-10T00:20:40Z
DonovanMitchell,AST,1.89,4.5,Over,sac,cle,3186685957,2022-11-10T00:20:40Z
DonovanMitchell,AST,1.89,4.5,Under,sac,cle,3186685968,2022-11-10T00:20:40Z
C.LeVert,PTS,1.85,12.5,Over,sac,cle,3186685959,2022-11-10T00:20:40Z
C.LeVert,PTS,1.93,12.5,Under,sac,cle,3186685970,2022-11-10T00:20:40Z
DariusGarland,3PM,1.78,2.5,Under,sac,cle,3186685963,2022-11-10T00:20:40Z
DariusGarland,3PM,2.02,2.5,Over,sac,cle,3186685973,2022-11-10T00:20:40Z
DonovanMitchell,3PM,1.61,3.5,Under,sac,cle,3186685979,2022-11-10T00:20:40Z
DonovanMitchell,3PM,2.3,3.5,Over,sac,cle,3186685980,2022-11-10T00:20:40Z
DariusGarland,PTS,1.91,22.5,Over,sac,cle,3186686108,2022-11-10T00:20:40Z
DariusGarland,PTS,1.87,22.5,Under,sac,cle,3186686113,2022-11-10T00:20:40Z
EvanMobley,PTS,1.85,14.5,Over,sac,cle,3186686109,2022-11-10T00:20:40Z
EvanMobley,PTS,1.93,14.5,Under,sac,cle,3186686114,2022-11-10T00:20:40Z
JarrettAllen,PTS,1.83,13.5,Over,sac,cle,3186686112,2022-11-10T00:20:40Z
JarrettAllen,PTS,1.96,13.5,Under,sac,cle,3186686117,2022-11-10T00:20:40Z
C.LeVert,3PM,1.65,1.5,Under,sac,cle,3186686115,2022-11-10T00:20:40Z
C.LeVert,3PM,2.2,1.5,Over,sac,cle,3186686118,2022-11-10T00:20:40Z
DonovanMitchell,ARP,1.87,35.5,Over,sac,cle,3186686222,2022-11-10T00:20:40Z
DonovanMitchell,ARP,1.91,35.5,Under,sac,cle,3186686224,2022-11-10T00:20:40Z
EvanMobley,ARP,1.89,24.5,Over,sac,cle,3186686223,2022-11-10T00:20:40Z
EvanMobley,ARP,1.89,24.5,Under,sac,cle,3186686227,2022-11-10T00:20:40Z
EvanMobley,REB,1.98,7.5,Over,sac,cle,3186686225,2022-11-10T00:20:40Z
EvanMobley,REB,1.8,7.5,Under,sac,cle,3186686228,2022-11-10T00:20:40Z
JarrettAllen,REB,2.06,11.5,Over,sac,cle,3186686226,2022-11-10T00:20:40Z
JarrettAllen,REB,1.75,11.5,Under,sac,cle,3186686230,2022-11-10T00:20:40Z
DonovanMitchell,REB,1.76,3.5,Over,sac,cle,3186686229,2022-11-10T00:20:40Z
DonovanMitchell,REB,2.04,3.5,Under,sac,cle,3186686231,2022-11-10T00:20:40Z
DariusGarland,ARP,1.94,34.5,Over,sac,cle,3186686251,2022-11-10T00:20:40Z
DariusGarland,ARP,1.84,34.5,Under,sac,cle,3186686253,2022-11-10T00:20:40Z
C.LeVert,AST,2.08,4.5,Over,sac,cle,3186686255,2022-11-10T00:20:40Z
C.LeVert,AST,1.73,4.5,Under,sac,cle,3186686256,2022-11-10T00:20:40Z
C.LeVert,ARP,2.0,21.5,Over,sac,cle,3186686257,2022-11-10T00:20:40Z
C.LeVert,ARP,1.79,21.5,Under,sac,cle,3186686258,2022-11-10T00:20:40Z
HarrisonBarnes,REB,2.12,4.5,Over,sac,cle,3186686273,2022-11-10T00:20:40Z
HarrisonBarnes,REB,1.71,4.5,Under,sac,cle,3186686280,2022-11-10T00:20:40Z
KeeganMurray,AST,2.1,1.5,Over,sac,cle,3186686275,2022-11-10T00:20:40Z
KeeganMurray,AST,1.71,1.5,Under,sac,cle,3186686283,2022-11-10T00:20:40Z
KevinHuerter,REB,1.6,2.5,Over,sac,cle,3186686276,2022-11-10T00:20:40Z
KevinHuerter,REB,2.3,2.5,Under,sac,cle,3186686285,2022-11-10T00:20:40Z
D.Sabonis,AST,1.92,5.5,Over,sac,cle,3186686279,2022-11-10T00:20:40Z
D.Sabonis,AST,1.86,5.5,Under,sac,cle,3186686288,2022-11-10T00:20:40Z
HarrisonBarnes,AST,2.05,1.5,Over,sac,cle,3186686281,2022-11-10T00:20:40Z
HarrisonBarnes,AST,1.75,1.5,Under,sac,cle,3186686291,2022-11-10T00:20:40Z
De'AaronFox,AST,2.04,5.5,Over,sac,cle,3186686282,2022-11-10T00:20:40Z
De'AaronFox,AST,1.76,5.5,Under,sac,cle,3186686293,2022-11-10T00:20:40Z
HarrisonBarnes,3PM,1.53,1.5,Under,sac,cle,3186686290,2022-11-10T00:20:40Z
HarrisonBarnes,3PM,2.48,1.5,Over,sac,cle,3186686298,2022-11-10T00:20:40Z
De'AaronFox,3PM,1.93,1.5,Under,sac,cle,3186686303,2022-11-10T00:20:40Z
De'AaronFox,3PM,1.85,1.5,Over,sac,cle,3186686309,2022-11-10T00:20:40Z
De'AaronFox,ARP,1.88,36.5,Over,sac,cle,3186686353,2022-11-10T00:20:40Z
De'AaronFox,ARP,1.9,36.5,Under,sac,cle,3186686356,2022-11-10T00:20:40Z
KevinHuerter,ARP,1.92,19.5,Over,sac,cle,3186686354,2022-11-10T00:20:40Z
KevinHuerter,ARP,1.86,19.5,Under,sac,cle,3186686358,2022-11-10T00:20:40Z
KeeganMurray,ARP,1.97,16.5,Over,sac,cle,3186686357,2022-11-10T00:20:40Z
KeeganMurray,ARP,1.82,16.5,Under,sac,cle,3186686365,2022-11-10T00:20:40Z
D.Sabonis,REB,1.98,11.5,Over,sac,cle,3186686359,2022-11-10T00:20:40Z
D.Sabonis,REB,1.81,11.5,Under,sac,cle,3186686366,2022-11-10T00:20:40Z
HarrisonBarnes,ARP,1.87,16.5,Over,sac,cle,3186686361,2022-11-10T00:20:40Z
HarrisonBarnes,ARP,1.92,16.5,Under,sac,cle,3186686367,2022-11-10T00:20:40Z
KeeganMurray,REB,2.2,4.5,Over,sac,cle,3186686362,2022-11-10T00:20:40Z
KeeganMurray,REB,1.66,4.5,Under,sac,cle,3186686368,2022-11-10T00:20:40Z
De'AaronFox,REB,2.2,4.5,Over,sac,cle,3186686363,2022-11-10T00:20:40Z
De'AaronFox,REB,1.66,4.5,Under,sac,cle,3186686370,2022-11-10T00:20:40Z
KevinHuerter,AST,2.28,3.5,Over,sac,cle,3186686364,2022-11-10T00:20:40Z
KevinHuerter,AST,1.62,3.5,Under,sac,cle,3186686371,2022-11-10T00:20:40Z
De'AaronFox,PTS,1.84,26.5,Over,sac,cle,3186686369,2022-11-10T00:20:40Z
De'AaronFox,PTS,1.94,26.5,Under,sac,cle,3186686375,2022-11-10T00:20:40Z
KeeganMurray,PTS,1.93,10.5,Over,sac,cle,3186686372,2022-11-10T00:20:40Z
KeeganMurray,PTS,1.85,10.5,Under,sac,cle,3186686377,2022-11-10T00:20:40Z
HarrisonBarnes,PTS,1.85,10.5,Over,sac,cle,3186686374,2022-11-10T00:20:40Z
HarrisonBarnes,PTS,1.93,10.5,Under,sac,cle,3186686380,2022-11-10T00:20:40Z
KevinHuerter,3PM,2.07,2.5,Under,sac,cle,3186686376,2022-11-10T00:20:40Z
KevinHuerter,3PM,1.74,2.5,Over,sac,cle,3186686381,2022-11-10T00:20:40Z
D.Sabonis,PTS,1.85,16.5,Over,sac,cle,3186686379,2022-11-10T00:20:40Z
D.Sabonis,PTS,1.93,16.5,Under,sac,cle,3186686382,2022-11-10T00:20:40Z
KeeganMurray,3PM,2.25,1.5,Under,sac,cle,3186686383,2022-11-10T00:20:40Z
KeeganMurray,3PM,1.63,1.5,Over,sac,cle,3186686384,2022-11-10T00:20:40Z
D.Sabonis,ARP,1.84,33.5,Over,sac,cle,3186686574,2022-11-10T00:20:40Z
D.Sabonis,ARP,1.95,33.5,Under,sac,cle,3186686576,2022-11-10T00:20:40Z
DonovanMitchell,PTS,1.97,27.5,Over,sac,cle,3186686949,2022-11-10T00:20:40Z
DonovanMitchell,PTS,1.82,27.5,Under,sac,cle,3186686950,2022-11-10T00:20:40Z
JarrettAllen,ARP,1.97,27.5,Over,sac,cle,3186762191,2022-11-10T00:20:40Z
JarrettAllen,ARP,1.82,27.5,Under,sac,cle,3186762193,2022-11-10T00:20:40Z
KevinHuerter,PTS,2.02,13.5,Over,sac,cle,3186795470,2022-11-10T00:20:40Z
KevinHuerter,PTS,1.78,13.5,Under,sac,cle,3186795471,2022-11-10T00:20:40Z
